Product_Name,Species,Breed,Age,Age_UOM,Gender,Weight,Weight_UOM
Hills prescription diet u/d canned food and dry food,Dog,Dalmatian,8,Years,Male,96.4,Pound
EVO Grainfree Turkey and Chicken Formula Cat and Kitten,Cat,Himalayan,2,Years,Female,6.6,Pound
Rachael Ray Nutrish,Cat,Domestic (unspecified),4,Years,Male,12,Pound
Merrick Purrfect Bistro Grain Free Real Chicken Recipe,Cat,Mixed (Cat),12,Years,Female,5.3,Kilogram
Merrick Purrfect Bistro Grain Free Real Chicken Recipe,Cat,Mixed (Cat),9,Years,Male,4.4,Kilogram
Merrick Purrfect Bistro Grain Free Real Chicken Recipe,Cat,Mixed (Cat),9,Years,Male,9.5,Kilogram
Earthborn Holistic Primitive Natural,Not provided,Not provided,Not provided,Not provided,Not provided,Not provided,Not provided
Nature's Variety Instinct Limited Ingredient Diet Lamb Meal & Peas Formula,Dog,Retriever - Golden,8.5,Years,Male,66,Pound
California Natural Grain Free,Dog,Schnauzer - Miniature,2.5,Years,Male,8.2,Kilogram
California Natural Grain Free,Dog,Schnauzer - Miniature,7,Years,Male,9.6,Kilogram
California Natural Grain-Free,Dog,Mixed (Dog),6,Years,Female,25.1,Kilogram
California Natural Grain-Free,Dog,Retriever - Labrador,8,Years,Female,32.1,Kilogram
California Natural Grain-Free,Dog,Retriever - Labrador,5,Years,Female,25.6,Kilogram
Zignature Kangaroo Limited,Dog,Spaniel - Cocker American,4,Years,Male,15.5,Kilogram
kangaroo as protein source -,Dog,Shih Tzu,8,Years,Male,6.08,Kilogram
Acana Lamb & Apple Singles,Dog,Retriever - Golden,10,Years,Male,29.6,Kilogram
Zignature Kangaroo Formula,Dog,Retriever - Labrador,13,Years,Female,33.18,Kilogram
Grain Free Easy to Digest,Dog,Terrier - Bull,8,Years,Male,26.3,Kilogram
Grain Free Easy to Digest,Dog,Spaniel - Cocker,13,Years,Female,11.7,Kilogram
Taste of the Wild,Dog,Hound - Afghan,11,Years,Female,32.4,Kilogram
Zignature Kangaroo Formula,Dog,Retriever - Golden,6,Years,Male,40,Kilogram
Kirkland Signature Nature's,Dog,Retriever - Golden,11,Years,Female,31.1,Kilogram
Blue Buffalo Basics salmon and potato dry food - regular and grain-free:,Dog,Doberman Pinscher,7,Years,Male,Not provided,Not provided
4health Grain-Free Large Breed,Dog,Unknown,Not provided,Not provided,Unknown,Not provided,Not provided
4health Grain Free Beef & Potato Formula,Dog,Retriever - Golden,6.2,Years,Male,34.5,Kilogram
Zignature Lamb,Dog,Bulldog,9,Years,Male,28.1,Kilogram
Zignature Kangeroo and Lentil,Dog,Mixed (Dog),9,Years,Male,21.3,Kilogram
4Health Grain Free,Dog,Mixed (Dog),9,Years,Female,29.9,Kilogram
Merrick grain free salmon and sweet potato dry,Dog,Mixed (Dog),8.52,Years,Female,20.5,Kilogram
Earthborn Coastal Catch dry,Dog,Boxer (German Boxer),7.6,Years,Female,33.2,Kilogram
Halo grain-free dry food (exact,Dog,Great Dane,4.03,Years,Male,64,Kilogram
Taste of the Wild grain free lamb,Dog,Retriever - Labrador,9.37,Years,Male,50.8,Kilogram
Taste of the Wild Prey Angus Beef Limited Ingredient Formula for Dogs (Grain Free),Dog,Great Dane,2,Years,Female,145,Pound
Earthborn Holistic grain free,Dog,Setter - Gordon,6.5,Years,Male,80,Pound
FREEDOM - Grain Free,Dog,Schnauzer,10,Years,Male,35,Pound
fromm heartland gold adult grain free,Dog,Saluki,2.5,Years,Female,55,Pound
Zignature Venison Formula,Dog,Unknown,4,Years,Male,70,Pound
California Natural Kangaroo and Red Lentils,Dog,Portuguese Water Dog,8.5,Years,Female,40,Pound
Kirkland Nature’s Domain Turkey and Sweet Potato food,Dog,Greyhound,7,Years,Male,75,Pound
Nature's Recipe Easy to Digest,Dog,Shepherd Dog - Australian,10,Years,Female,40,Pound
Rachael Ray Nutrish Zero Grain Natural Salmon & Sweet Potato,Dog,Mixed (Dog),3.5,Years,Male,35,Pound
Purina one lamb and rice formula,Dog,Mixed (Dog),8,Years,Female,43,Pound
ACANA Lamb and Apple singles,Dog,Retriever - Golden,11,Years,Male,85,Pound
Natures Domain Organic,Dog,Chinese Crested Dog –,7,Years,Male,20,Pound
Earthborn holistics coastal catch,Dog,Poodle - Standard,8,Years,Male,70,Pound
Kirkland salmon with sweet potatoes.,Dog,Retriever - Labrador,10,Years,Male,104,Pound
Victor Hi-Pro Plus,Dog,Mixed (Dog),17,Months,Male,61,Pound
Zignature Kangaroo Formula,Dog,Retriever - Golden,5,Years,Female,73,Pound
4 Health Grain Free Beef &,Dog,Retriever - Golden,4,Years,Male,65,Pound
Orijen,Dog,Great Dane,Not provided,Not provided,Not provided,Not provided,Not provided
Fromm Lamb and Lentil,Dog,Hound - Basset,9,Years,Male,65,Pound
Natural Balance L.I.D. Limited Ingredient Diets Sweet Potato &,Dog,Pointing Dog - Hungarian Short-haired,13,Years,Male,57,Pound
Natural Balance L.I.D. Limited Grain-Free Dry Dog Food 26-lb,Dog,Pointer - English,4.5,Years,Male,50,Pound
Rachel Ray Nutrish,Dog,Shih Tzu,13,Years,Male,15,Pound
Earthborn meadowfeast,Dog,Mixed (Dog),10,Years,Female,42,Pound
GO Venison Grain Free Kibble,Dog,Retriever - Golden,13,Years,Female,70,Pound
"Halo Salmon Dry Food, Pinnacle Trout and Sweet Potato Dry dog",Dog,Mixed (Dog),11,Years,Male,55,Pound
Zignature Kangaroo,Dog,Bulldog - French,5,Years,Male,33,Pound
Kirkland Signature Nature's,Dog,Sheepdog - Shetland,16,Years,Female,35,Pound
"Lotus Oven-Baked Fish Recipe Grain-Free Dry Dog Food ,",Dog,Mixed (Dog),4.5,Years,Female,48,Pound
Earthborne Holistic Grainfree,Dog,Retriever - Golden,10.5,Years,Female,72,Pound
California Natural Grain Free,Dog,Bulldog - French,3,Years,Female,30,Pound
4health Grain Free Large Breed,Dog,Great Dane,3,Years,Male,145,Pound
Merrick Grain free real rabbit and,Dog,Bulldog,7,Years,Female,36,Pound
Natural Balance Sweet Potato,Dog,Doberman Pinscher,3,Years,Male,103,Pound
V-Dog Kinderkibble,Dog,Mixed (Dog),12,Years,Female,48,Pound
Taste of the Wild Grain Free,Dog,Shepherd Dog - German,2,Years,Male,78,Pound
Nutri source- adult,Dog,Great Dane,4,Years,Male,130,Pound
Blue Buffalo Basics Limited Ingredient Grain-Free Formula Salmon & Potato Recipe Adult,Dog,Spaniel - Cocker American,10,Years,Male,27,Pound
Kirkland Signature Nature's Domain Organic Chicken & Pea,Dog,Retriever - Labrador,8,Years,Male,82,Pound
Natures Domain,Dog,Retriever - Labrador,6,Years,Male,65,Pound
Fromm Surf & Turf,Dog,Terrier - Irish,7,Years,Male,Not provided,Not provided
Earthborn Holistic Great Plains,Dog,Retriever - Golden,7,Years,Female,70,Pound
Fromm Lamb and Lentil Recipe,Dog,Retriever - Golden,7,Years,Male,76,Pound
blue buffalo lamb and brown rice,Dog,Pinscher - Miniature,11,Years,Male,12.5,Pound
California Naturals Grain Free Venison and Sweet Potato Dog,Dog,Mixed (Dog),6,Years,Female,48,Pound
Acana Pork and Squash Singles,Dog,Retriever - Golden,7,Years,Male,88,Pound
Zignature Kangaroo Formula -,Dog,Terrier - Irish Soft-,8,Years,Male,19.9,Kilogram
California Naturals Salmon,Dog,Poodle - Standard,9,Years,Female,50,Pound
Earthborn Holistic Meadow Feast,Dog,Cattle Dog - Australian,7,Years,Male,47,Pound
Grain Free Dog food,Dog,Mixed (Dog),5,Years,Male,55,Pound
Kirkland Signature Nature's,Dog,Poodle - Standard,12,Months,Male,44,Pound
WholeHearted Grain Free All,Dog,Terrier - Boston,7,Years,Male,30,Pound
ZIGNATURE LAMB FORMULA,Dog,Retriever - Golden,4,Years,Male,80,Pound
First Mate Pacific Ocean Fish,Dog,Cattle Dog - Australian,7.5,Years,Female,70,Pound
Earthborn Holistic Meadow Feast,Dog,Bulldog - French,5,Years,Male,30,Pound
"Acana Singles Duck and Pear,",Dog,Retriever - Golden,6,Years,Male,44,Kilogram
"Nutro Grain Free Chicken Lentil and Sweet Potato Adult, Acana",Dog,Unknown,1,Years,Female,51.7,Pound
NutriSource Chicken and peas,Dog,Retriever - Golden,8,Years,Not provided,Not provided,Not provided
Kirkland Signature Heavy Weight,Dog,Retriever - Labrador,12,Years,Female,70,Pound
Zignature Kangaroo Formula,Dog,Berger Picard or Sheepdog - Picardy,35,Months,Male,56,Pound
Taste of the Wild Pine Forrest Venison and Legumes,Dog,Retriever - Golden,3,Years,Female,68.5,Pound
Zignature Whitefish Limited Ingredient Formula Grain-Free,Dog,Mixed (Dog),9,Years,Male,50,Pound
Acana Lamb and apple single,Dog,Samoyed,4,Years,Female,42.4,Pound
ACANA SINGLES DUCK AND,Dog,Sheepdog - Old English,8,Years,Male,36,Kilogram
Kirkland Natures Domain Salmon Meal and Sweet Potato Formula,Dog,Mixed (Dog),7,Years,Female,45,Pound
Blue Buffalo Wilderness Salmon Recipe Grain-Free Dry Dog,Dog,Retriever - Labrador,9,Years,Female,62,Pound
Fromm grain free dog foods,Dog,Shepherd Dog -,4,Years,Male,62,Pound
Earthborn Lamb Meal,Dog,Terrier - Boston,7,Years,Female,21,Pound
Zignature (various protein,Dog,Retriever - Golden,4,Years,Male,67,Pound
"Earthborn Holistic Meadow Grain Free Great Plains Feast, Natural",Dog,Boxer (German Boxer),6,Years,Male,44.1,Kilogram
Fromm Large Breed Heartland Gold Grain Free,Dog,Great Dane,2,Years,Female,150,Pound
"Earthborn Holistic Meadow Feast Grain Free, Earthborn Holistic",Dog,Retriever - Golden,6.7,Years,Male,75,Pound
Taste of the Wild Grain-Free,Dog,Great Dane,3,Years,Female,Not provided,Not provided
Grain free dry dog food,Dog,Sheepdog - Shetland,11,Years,Male,40,Pound
Zignature Kangaroo Limited Ingredient Formula Grain Free,Dog,Retriever - Golden,3,Years,Male,63,Pound
Dick Van Patten's Natiral Sweet Potato and Fish Formula,Dog,Retriever - Golden,5,Years,Male,36.4,Kilogram
Zignature Kangaroo and Lentil -,Dog,Shepherd Dog -,5,Years,Male,27,Kilogram
Zignature (brand) Kangaroo Kibble Limited Ingredient Diet,Dog,Terrier - Yorkshire,6,Years,Male,3.56,Kilogram
Zignature Kangaroo Formula,Dog,Mixed (Dog),4,Years,Male,31.2,Kilogram
V-Dog Kinder Kibble,Dog,Pit Bull,3,Years,Female,55,Pound
Acana Pork and Squash,Dog,Retriever - Golden,4,Years,Male,67,Pound
Merrick lil plates,Dog,Maltese,10,Years,Male,11,Pound
CANIDAE Grain-Free PURE Fields with Chicken Small Breed,Dog,Schnauzer - Miniature,4,Years,Male,20,Pound
Pure Balance Wild & Free Grain Free Formula,Dog,Shepherd Dog - Australian,7,Years,Male,59,Pound
California Natural Grain Free - Limited Ingredient,Dog,Lhasa Apso,9,Years,Female,6.3,Kilogram
Diamond Naturals Grain Free,Dog,Great Dane,3,Years,Male,140,Pound
Zignature lamb,Dog,Retriever - Golden,Not provided,Not provided,Female,Not provided,Not provided
Zignature Kangaroo Formula Limited Ingredient Formula ,Dog,Retriever - Golden,4,Years,Male,86,Pound
Canidae (Pet Food made by Pet People) Grain Free PURE Land Limited Ingredient Diet made with Fresh Bison Adult,Dog,Boxer (German Boxer),9,Years,Female,58,Pound
"Zignature Kangaroo Limited Ingredient Formula Grain-Free Dry Dog Food, Canned Dog",Dog,Terrier - Yorkshire,8,Years,Female,11,Pound
Kirkland Signature Nature's Domain Salmon Meal & Sweet Potato Dog Food,Dog,Shepherd Dog -,10,Years,Male,108,Pound
Earthborn Holistic Meadow Feast with Lamb Meal Grain Free,Dog,Retriever - Golden,6.5,Years,Male,73,Pound
Earthborn Holistic Meadow Feast Lamb Blend,Dog,Retriever - Golden,6,Years,Male,80,Pound
Acana Lamb and Apple,Dog,Unknown,Not provided,Not provided,Unknown,Not provided,Not provided
Whole Earth Farms grain free dog food,Dog,Spaniel - French,8,Years,Female,45,Pound
Kirkland Signature Nature's Domain Organic Chicken & Pea Formula Dog Food 30 lb Item,Dog,Terrier - Bull - Staffordshire,6,Years,Male,80,Pound
Zignature Kangaroo Limited Ingredient Formula Grain-Free Dog Food,Dog,Retriever - Golden,35,Months,Female,53,Pound
Nature's domain Organic chicken and Pea purchased at costco,Dog,Retriever - Golden,6,Years,Female,82,Pound
Nature's Domain Puppy Chicken and Pea Formula,Dog,Retriever - Labrador,1,Years,Female,55,Pound
MERRICK LID (ALL MEAT VARIETES) NATURE'S VARIETY LID (ALL MEAT VARIETIES) TASTE OF THE WILD GRAIN-FREE (ALL MEAT VARIETIES) CANIDAE LID (ALL MEAT VARIETIES),Dog,Alaskan Malamute,7,Years,Male,95,Pound
Natural Balance L.I.D. Limited ingredients diets sweet potato and fish dry dog formula,Dog,Rottweiler,28,Months,Female,80.5,Pound
Acana Lamb and Apple Singles Formula,Dog,Pug,5,Years,Male,8.75,Kilogram
Kirkland Signature Nature's Domain Organic Chicken & Pea Dog Food 30 lb.,Dog,Coonhound - Bluetick,5,Years,Male,78.4,Pound
"Zignature Kangaroo Formula, Nature's Variety Instinct Limited Ingredient Diet - Duck, Nature's Variety Instinct Limited Ingredient Diet - Lamb",Dog,Retriever - Golden,10,Years,Female,84,Pound
4health Untamed Open Highland Lamb & Lentil,Dog,Mixed (Dog),4,Years,Female,31,Pound
Honest Kitchen Grain Free Beef,Dog,Pointing Dog -,5,Years,Male,Not provided,Not provided
Taste of the Wild venison/bison,Dog,Retriever - Labrador,9,Years,Male,90.9,Pound
Abound Natural Dog Food Salmon & Sweet Potato Recipe,Dog,Dalmatian,7,Years,Female,28.2,Kilogram
Nature's Domain Organic Wellness CORE Natural Grain,Dog,Retriever (unspecified),5,Years,Female,60,Pound
Wellness CORE Natural Grain,Dog,Spitz - German,10,Years,Male,14,Pound
Taste of the Wild High Prairie,Dog,Retriever - Golden,5,Years,Male,71,Pound
Wellness Grain-Free Complete Health Large Breed Adult Deboned Chicken & Chicken Meal Recipe Dry Dog Food 24-lb,Dog,Mastiff,2,Years,Male,167,Pound
Taste of the Wild dog food,Dog,Mixed (Dog),10,Years,Female,100,Pound
ACANA Grain Free Chicken Turkey and Nest Laid Eggs Dry Dog Food,Dog,Doberman Pinscher,5,Years,Male,Not provided,Not provided
Acana Free Run Poultry dry,Dog,Doberman Pinscher,9.72,Years,Male,45,Kilogram
Zignature Kangaroo Formula,Dog,Shepherd Dog -,Not provided,Not provided,Not provided,Not provided,Not provided
ACANA singles: Pork and Squash Lamb and Apple,Dog,Retriever - Golden,9,Years,Female,31.4,Kilogram
"Zignature Kangaroo Grain Free Formula, Earthborne Naturals Lamb Grain Free",Dog,Mastiff,6,Years,Male,96.4,Kilogram
Natural Balance Salmon and Chick Pea Natural Balance Chicken and chick pea Both are grain free.,Not provided,Not provided,Not provided,Not provided,Not provided,Not provided,Not provided
Zignature Kangaroo Formula (Limited Ingredient Formula),Dog,Spaniel - Cocker,2,Years,Male,15,Kilogram
Fromm Beef grain free,Dog,Spitz - American,12,Years,Female,22,Pound
"Petcurean Limited Ingredient Salmon Dry, Petcurean Now Fresh",Dog,Boxer (German Boxer),2,Years,Male,31.5,Kilogram
NUTRO WHOLESOME ESSENTIALS Senior Farm- Raised Chicken Brown Rice & Sweet Potato Recipe Dog Food,Dog,Retriever - Flat-coated,8.5,Years,Male,65,Pound
Blue Buffalo Wilderness High Protein grain Free dry dog food salmon flavor,Dog,Samoyed,8,Years,Male,Not provided,Not provided
California Natural Limited Ingredient Diet Kangaroo and red lentil,Dog,Retriever - Labrador,11,Years,Male,35.4,Kilogram
Acana Singles Duck & Bartlett Pear,Dog,Retriever - Labrador,6,Years,Male,74,Pound
Acana Duck and Pear,Dog,Portuguese Water Dog,15,Months,Female,44,Pound
4Health Grain-Free Beef and potato,Dog,Basset - Artesian Norman,11,Years,Male,45,Pound
Zignature Kangaroo and Lentil,Dog,Bulldog - American,4.5,Years,Female,31.6,Kilogram
Acana Large Breed Puppy Grain Free,Dog,Retriever - Golden,15,Weeks,Male,37,Kilogram
Fromm Pork and Pea,Dog,Shepherd Dog -,6,Years,Female,23.6,Kilogram
Castor and Pollux Grain Free Lamb and Rice,Dog,Retriever - Labrador,11,Years,Female,94,Pound
Earthborne coastal catch grain free dry dog food,Dog,Coonhound - (b)(6),2,Years,Female,50,Pound
"Nutro Wholesome Essentials Complete Daily Nutrition Small Bites Adult 1+ Years Pasture- Fed Lamb & Rice Recipe, Nutro Limited Ingredient Diet Grain Free Lamb & Potato Recipe Premium Loaf Adult, Nutro Hearty Stews Meaty Lamb & Rice Stew Chunks in Gravy Adult, Nutro Kitchen Classic Premium Loaf Grass Fed Lamb & Brown Rice Dinner Adult, Nutro Hearty Stews Grandma's Farm Stew with Lamb & Rice Chunks in Gravy Senior",Dog,Terrier - Bull - American Pit,3,Years,Female,53,Pound
Acna Duck and Pear,Dog,Mastiff,3,Years,Female,125,Pound
Acana Pork and Squash Singles Formula,Dog,Retriever - Golden,7.5,Years,Male,85,Pound
NRG Original Free Range,Dog,Mixed (Dog),8,Years,Female,39.4,Pound
Authority Grain Free,Dog,Hound (unspecified),6,Years,Male,27.6,Kilogram
Rachel Ray Nutrish real beef and brown rice ,Dog,Mixed (Dog),6,Years,Female,25.6,Kilogram
Zignature Kangaroo limited ingredient grain free dry,Dog,Mixed (Dog),5,Years,Male,26.2,Kilogram
"Honest Kitchen Whole Grain Turkey Beef or CHicken, Ziwi Peak (recently started)",Dog,Retriever - Golden,11.6,Years,Male,31.5,Kilogram
Acana Lamb and Apple Singles Formula with Grass - Fed Kentucky Lamb & Red Delicious Apples,Dog,Retriever - Golden,7,Years,Male,88,Pound
Pure Balance Wild and Free Superfood Blend Trout and Lentil Recipe,Dog,Catahoula Leopard Dog,2,Years,Male,27.4,Kilogram
DIAMOND NATURALS GRAIN-FREE WILD-CAUGHT WHITEFISH & SWEET POTATO FORMULA FOR DOGS,Dog,Pit Bull,11,Years,Female,64.5,Pound
Earthborn Holistic Meadow Feast,Dog,Retriever - Labrador,5,Years,Female,37,Kilogram
"Natural Balance Lamb and Brown Rice, Merrick Lamb Peas and Ancient Grains, Zignature Fish",Dog,Retriever - Golden,10,Years,Male,35.1,Kilogram
Kirkland signature Natures Domain Saslmon meal and sweet pototoe,Dog,Pit Bull,9,Years,Male,71,Pound
Blue Buffalo wilderness - natures evolutionary diet - with chicken and lifsource bits - 100% grain free,Dog,Shepherd Dog -,9,Years,Female,41,Pound
Fromm Heartland Grain Free Large Breed,Dog,Great Dane,8,Years,Male,74.9,Kilogram
Acana Appalachian Ranch Regionals Formula,Dog,Retriever - Golden,2.5,Years,Male,69,Pound
Zignature Kangaroo,Dog,Terrier - Black Russian,5.5,Years,Male,102,Pound
"Nature's Variety Instinct Raw Boost Chicken dry, Rachel Ray Nutrish Chicken and Veggie dry",Dog,Great Dane,6,Years,Male,71,Kilogram
"Weruva Caloric Melody Chicken Turkey & Salmon Dinner with Lentils Gran-Free Dry Dog Food, Earthborn Holistic Coastal Grain Free Natural Dog Food",Dog,Retriever - Golden,4.5,Years,Female,65,Pound
4health Untamed Open Highland Recipe Lamb and Lentil Formula Dog Food,Dog,Retriever - Golden,3,Years,Male,81.5,Pound
Taste of the Wild Pacific Stream,Not provided,Not provided,Not provided,Not provided,Not provided,Not provided,Not provided
Horizon Pulsar Pulses & Chicken Formula Grain Free,Dog,Mastiff,7,Years,Male,200,Pound
"Zignature Kangaroo Formula ""limited ingredient formula""",Dog,Retriever - Golden,13,Years,Male,86,Pound
"Taste of the Wild Prey Beef dry (will provide full diet history), 4Health beef stew canned",Dog,Great Dane,2.4,Years,Male,69.5,Kilogram
Wild calling xotic essentials rabbit meal recipe,Dog,Samoyed,8,Years,Female,50,Pound
Eagle Pack Adult dry Holistic Select Canned,Dog,Spaniel - Springer English,8,Years,Female,32,Pound
Wegmans Nature - Grain Free - Turkey & Pea - Natural Dog Food,Dog,Shepherd Dog - Australian,13,Years,Male,29.5,Kilogram
Acana Heritage,Dog,Rottweiler,6,Years,Male,103,Pound
Taste of the Wild Prey Angus Beef Formula for dogs,Dog,Pit Bull,6,Years,Female,48,Pound
Nutri Source Chicken and Pea Formula,Dog,Retriever - Golden,Not provided,Not provided,Not provided,Not provided,Not provided
Acana Singles Limited Ingredient Diet Duck and Pear Formula,Dog,Retriever - Golden,Not provided,Not provided,Female,Not provided,Not provided
Nurtisource Purevita Grain Free Turkey and Sweet Potato,Dog,Retriever - Golden,Not provided,Not provided,Female,Not provided,Not provided
Blue Buffalo Basics Limited Ingredient Diet,Dog,Sheepdog - Shetland,Not provided,Not provided,Male,Not provided,Not provided
Merrick Beef with Green Pea and Ancient Grains,Dog,Unknown,3,Years,Unknown,Not provided,Not provided
California Natural Venison & Green Lentils Recipe in 13 lb. bags,Dog,Terrier - Boston,3,Years,Female,15,Pound
Acana Lamb and Apple singles,Dog,Retriever - Golden,4,Days,Male,80,Pound
Blue Wilderness Senior Dog Food,Dog,Boxer (German Boxer),9,Years,Male,22.3,Kilogram
Taste of the Wild Last 1-2 bags (for 2 dogs) before diagnosis were Southwest Canyon flavor Before that fed 3-4 bags of Pine Forest Before that had been feeding Pacific Stream for several years,Dog,Doberman Pinscher,8.37,Years,Male,34.2,Kilogram
Instinct the Raw Brand Limited Ingredient Diet Grain-Free Recipe with Real Rabbit,Cat,Domestic Mediumhair,8,Years,Male,12.84,Pound
"Fromms Four Star Grain Free Beef Frittata Veg Dry Dog Food, The Farmer's Dog Beef Recipe",Dog,Retriever - Golden,8.5,Years,Female,79,Pound
Fromm Four Star Nutritionals Pork and Applesauce Formula Grain Free dog food,Dog,Retriever - Golden,3.5,Years,Male,77,Pound
Instinct (the raw brand) Limited Ingredient Diet - Grain-free recipe with real lamb,Dog,Retriever - Labrador,3,Years,Male,32.1,Kilogram
Natural Balance Limited Ingredient Diet Sweet Potato & Bison Formula,Dog,Retriever - Golden,6,Years,Male,74,Pound
Costco Natures,Dog,Beagle,Not provided,Not provided,Unknown,Not provided,Not provided
"Nature's Variety Chicken Formula Patties, Nutro Chicken and Brown Rice, Nature's Variety Chicken and Beef",Dog,Bulldog - American,12,Years,Male,41.9,Kilogram
GO! Sensitivity and Shine Pollock Recipe,Dog,Retriever - Flat-coated,9.5,Years,Female,45,Pound
Taste of the Wild High Prairie,Dog,Shepherd Dog -,Not provided,Not provided,Male,Not provided,Not provided
"Blue Buffalo Life Protection Formula Small Breed Adult Chicken and Brown Rice Recipe, Merrick Grain Free Dry Dog Food Real Chicken & Sweet Potato",Not provided,Not provided,Not provided,Not provided,Not provided,Not provided,Not provided
Nutrisource,Dog,Retriever - Golden,Not provided,Not provided,Female,Not provided,Not provided
Blue Buffalo Wilderness- High Protein Grain Free “Natures Evolutionary Diet- with Chicken Life Source bits- Senior,Dog,Dachshund - Miniature,13,Years,Male,14.2,Pound
Acana Singles Limited Ingredient Lamb and Apple 25 pound bag,Dog,Spaniel - Cocker American,5,Years,Male,28,Pound
Acana Heritage formula dog food (mostly freshwater fish free run poultry and meats (beef pork and lamb) formulas. Also Meadowlands,Dog,Great Dane,3.6,Years,Female,42.2,Kilogram
Taste of the Wild High Forest dry,Dog,Mixed (Dog),3.18,Years,Female,34.1,Kilogram
Rawz meal free dry food limited recipe wild salmon dry,Dog,Mixed (Dog),10,Years,Male,33.2,Kilogram
Taste of the Wild Pacific Stream (dry),Dog,Doberman Pinscher,9.76,Years,Female,26.8,Kilogram
Pro Plan Savory dry - chicken beef or lamb (1 cup TID),Dog,Retriever - Labrador,7,Years,Male,37.7,Kilogram
California Natural Limited Ingredient Diet Salmon Meal and Peas Recipe,Dog,Weimaraner,8,Years,Male,110,Pound
Taste of the Wild Prey Trout limited ingredient dry food,Dog,Retriever - Labrador,3,Years,Female,53,Pound
Blue Buffalo Wilderness,Dog,Mixed (Dog),6,Years,Male,67,Pound
Dr. Gary Best Choice,Dog,Mastiff,4,Years,Male,162,Pound
Victor Performance,Dog,Shepherd Dog -,5,Months,Male,22.6,Pound
Origin Fit and Trim,Dog,Ridgeback - Rhodesian,9,Years,Male,126,Pound
Nutrisource Grain-Free DogFood ,Dog,Pointing Dog - German Short-haired,6,Years,Female,53,Pound
"Acana Dog food Duck and Pear flavor, Acana dog food Pork and Squash flavor",Dog,Retriever - Golden,8.5,Years,Female,Not provided,Not provided
Zignature Kangaroo Formula,Dog,Shepherd Dog -,6,Years,Male,35,Kilogram
Acana Lamb and Apple grain-free,Dog,Retriever - Golden,6,Years,Male,80,Pound
Horizon Pulsars with Chicken (also fed the same brand with Turkey pork and fish),Dog,Cattle Dog - Australian,8,Years,Male,55,Pound
"Farmina N&D Pumpkin Formula Medium and Maxi, Kirkland Natures Domain Salmon and Sweet Potato, Kirkland Organic Chicken and Pea",Dog,Shepherd Dog - Australian,20,Months,Female,Not provided,Not provided
Acana - Venison ( which was discontinued so we switched to the Wild Atlantic) Acana - Wild Atlantic,Dog,Retriever (unspecified),5,Years,Female,64,Pound
"Taste of the Wild Prey Trout Limited Ingredient Formula, Merrick Chunky Carver's Delight Dinner Grain Free Recipe",Dog,Retriever - Golden,4,Years,Male,38.6,Kilogram
Acana,Dog,Retriever - Golden,2,Years,Female,30,Kilogram
Instinct® Limited Ingredient Diet Grain-Free Recipe with Real Lamb,Dog,Pug,11,Years,Male,25,Pound
Taste of the Wild Roasted Lamb- grain free,Dog,Spaniel - Springer,10,Years,Not provided,40,Pound
Petcurean GO Sensitivity and Shine Limited Ingredient Salmon Recipe,Dog,Poodle - Standard,4,Years,Male,50,Pound
Blue Buffalo Basics Turkey and Potatoe Recipe Senior Dog Food,Dog,Retriever - Golden,11,Years,Male,85,Pound
Kirkland Signature Nature's Domain Salmon Meal & Sweet Potato Dog Food,Dog,Boxer (German Boxer),7,Years,Female,31,Kilogram
Whole Earth Farms Grain Free (mostly Chicken & Turkey) dog food,Dog,Retriever - Labrador,3,Years,Female,20,Kilogram
Acana Grain Free Pork and Butternut Squash,Dog,Poodle - Standard,4,Years,Male,32.4,Kilogram
"4-Health Turkey and Potato, Zignature Kangaroo, 4-Health Trout and Lentil",Dog,Great Dane,2,Years,Male,66.8,Kilogram
Natural Balance L.I.D. Limited,Dog,Ridgeback - Rhodesian,12,Years,Female,28.9,Kilogram
Fromm Four-Star Nutritionals Game Bird Recipe Dog Food,Dog,Retriever - Golden,1,Years,Female,28,Kilogram
California Natural Grain Free Limited Ingredient Diet Kangaroo and Red Lentils Recipe and Salmon Meal and Peas Recipe,Dog,Retriever - Golden,Not provided,Not provided,Not provided,Not provided,Not provided
Natural instinct specialty raw pet food Chicken,Cat,Sphynx,20,Weeks,Not provided,Not provided,Not provided
Whole Hearted limited ingredient salmon recipe Simple Grain Free food for dogs,Dog,Mastiff,5,Years,Male,120,Pound
Blue Buffalo - Blue Wilderness Chicken Adult Food,Not provided,Not provided,Not provided,Not provided,Not provided,Not provided,Not provided
Merrick LID Grain Free dry (salmon duck or chicken),Dog,Retriever - Labrador,9,Years,Male,47,Kilogram
Purina One Lamb and Rice,Dog,Pit Bull,7,Years,Male,36.2,Kilogram
Taste of the Wild High Prairie,Dog,Great Dane,9,Years,Male,74,Kilogram
taste of the wild grain free pacific stream taste of the wild prey trout limited ingredients,Dog,Dogue de Bordeaux,8,Years,Male,Not provided,Not provided
Nov 2015-Nov 2017: Nature's Variety Instinct Limited Ingredient Nov 2017- Aug 2018: Blue Buffalo Basics Grain Free Aug 2018-Oct 2018: American Journey Lamb and Sweet Potato,Dog,Mixed (Dog),4,Years,Female,15.9,Kilogram
NutriSource Seafood Select grain free dog food,Dog,Great Dane,4.5,Years,Male,138,Pound
Pine Forest Canine Recipe with Venison & Legumes - Taste of the Wild Pet Food,Dog,Shepherd Dog - Australian,4.5,Years,Female,53,Pound
Hill's Ideal Balance Grain Free Chicken and Potato recipe,Dog,Shepherd Dog - Australian,7.5,Years,Female,48,Pound
Taste of the Wild Sierra Mountain Taste of the Wild Pacific Stream ,Dog,Setter - Irish Red,6.5,Years,Male,70,Pound
4health - grain free Chicken and vegetables,Dog,Sheepdog - Shetland,8,Years,Male,17.3,Kilogram
4health Untamed Wild River Recipie,Dog,Weimaraner,7,Years,Male,95,Pound
Kirkland Signature Nature's Domain Salmon meal and sweet potato - Grain free all life stages,Dog,Bulldog,7,Years,Not provided,60,Pound
"Fromme Grain-Free, Merrick Back Country",Dog,Bullmastiff,9,Years,Male,52.4,Kilogram
Pinnacle Holistic Canine Nutrition Farm Raised Trout & Sweet Potato,Not provided,Not provided,Not provided,Not provided,Not provided,Not provided,Not provided
"Pinnacle Trout and Sweet Potato, Nutro Grain Free Food salmon and rice",Dog,Retriever - Labrador,6,Years,Female,72,Pound
Orijen Regional Red Dry Dog Food Fromm Beef Frittata A La Veg Dry Dog Food From Duck & Sweet Potato Dry Dog Food Purina Fortiflora,Dog,Retriever - Golden,3,Years,Male,80,Pound
Blue Buffalo Wilderness High Protein Grain Free Natural Adult Dry Dog Food Chicken,Dog,Retriever - Golden,1,Years,Female,48,Pound
Earthborn grain free weight management dry,Dog,Doberman Pinscher,8.92,Years,Male,45.2,Kilogram
Nutro Ultra adult dry dog food the superfood plate (chicken lamb salmon),Dog,Setter - Irish Red,11,Years,Male,28.8,Kilogram
Zignature trout and salmon dry,Dog,Retriever - Golden,8,Years,Female,27.7,Kilogram
Zignature trout & salmon dry,Dog,Retriever - Labrador,3,Years,Male,25.9,Kilogram
Rachel Ray peak open range recipe (beef venison lamb),Dog,Boxer (German Boxer),8.4,Years,Male,34.8,Kilogram
"Pure Balance Salmon and Pea dry, Taste of the Wild High Prairie dry",Dog,Retriever - Golden,6.8,Years,Female,25.5,Kilogram
Zignature Trout & Salmon Meal Limited Ingredient Formula Grain-Free Dry Dog Food,Dog,Retriever - Golden,8,Years,Female,57,Pound
Earthborn Holistic Weight Control (Grain Free),Dog,Doberman Pinscher,9,Years,Male,100,Pound
Natural Balance L.I.D. Sweet Potato & Bison Formula (Kibble),Dog,Shepherd Dog - German,6,Years,Male,32.3,Kilogram
Earthborn grain-free lamb dry,Dog,Other Canine/dog,11,Years,Male,4,Kilogram
Kirkland Signature Nature's Domain Salmon Meal & Sweet Potato Formula for Dogs,Dog,Retriever - Labrador,6,Years,Female,85,Pound
4health optimal nutrition for optimal health weight management formula for dogs,Dog,Hound - Afghan,6,Years,Female,40.6,Kilogram
Pure Balance Wild & Free Superfood Blend - Trout and Lentil Grain Free Food,Dog,Retriever - Golden,6,Years,Female,30,Kilogram
Fromm Hasen Duckenpfeffer,Dog,Retriever - Golden,7,Years,Male,74,Pound
V-dog,Dog,American Pit Bull,7,Years,Male,32,Kilogram
V-dog kibble,Dog,Mixed (Dog),7,Years,Male,80,Pound
Earthborn Holistic Meadow Feast with Lamb Meal Grain Free,Dog,Basenji,11,Years,Female,17,Pound
Earthborn Holistic Great Mountain Feast w/Bison Meal,Dog,Shepherd Dog - Belgian Tervueren,3,Years,Female,48,Pound
"V-dog kinder kibble vegan adult dry dog food, Halo Holistic Garden of Vegan Adult Dry Dog Food",Dog,Coton de Tuléar,5,Years,Male,6,Kilogram
Zignature Kangaroo Limited Ingredient Formula Grain-Free Dry Dog Food,Dog,Retriever - Chesapeake,7.5,Years,Male,83,Pound
Natural Balance L.I.D. Limited Ingredient Diets Sweet Potato & Fish Formula Grain-Free Dry,Dog,Irish Wolfhound,3,Years,Male,175,Pound
Zignature Kangaroo Limited Ingredient Formula Dry Dog,Dog,Spaniel - Cocker English,Not provided,Not provided,Male,Not provided,Not provided
Zignature Lamb Limited Ingredient Formula Grain-Free Dry Dog Food By Zignature,Dog,Retriever - Golden,4,Years,Male,33.7,Kilogram
Zignature Kangaroo Formula Limited Ingredient Formula,Dog,Sheepdog - Beauce (Beauceron),9,Years,Male,Not provided,Not provided
Zignature Trout and Salmon Meal Limited Ingredient Formula Grain-Free Dry Dog Food,Dog,Other Canine/dog,12,Months,Male,53,Pound
Multiple types of grain free food - brands include taste of the wild Merrick blue and others.,Dog,Pit Bull,4,Years,Female,75,Pound
Rayne Low Fat Kangaroo,Dog,Shepherd Dog - German,7,Years,Female,84,Pound
Earth born holistic,Dog,Shepherd Dog -,4,Years,Male,78,Pound
Acana (all flavors except Chicken or Lamb),Dog,Shepherd Dog -,10,Years,Male,78,Pound
Rachael Ray Nutrish real chicken and veggies recipe and Rachael Ray Nutrish real beef pea and brown rice recipe,Dog,Pit Bull,10,Years,Female,55,Pound
Acana Pork and Squash,Dog,Retriever - Golden,3,Years,Male,32,Kilogram
Primal Raw,Dog,Spaniel - King Charles,1,Years,Male,8.2,Kilogram
"Taste of the Wild ""PREY"" Trout. Grain Free-limited ingredient formula, Taste of the Wild Pacific Stream Grain-Free Dry Dog Food",Dog,Weimaraner,2,Years,Female,63,Pound
Orijen original,Dog,Weimaraner,10,Years,Female,75,Pound
California Natural Grain Free Kangaroo and Red Lentils Formula,Dog,Coonhound - Treeing,13,Years,Male,35.2,Kilogram
Acana Lamb and Apple Singles Formula,Dog,Retriever - Golden,9,Years,Male,34.7,Kilogram
Acana Heritage Freshwater Fish,Dog,Schnauzer,3.5,Years,Male,39,Pound
Nutrisource,Dog,Retriever - Golden,8.5,Years,Not provided,50,Pound
4Health Grain free dog food beef and potato,Dog,Shih Tzu,12,Years,Female,13,Pound
Zignature Kangaroo Limited Ingredient Formula Grain-Free Dry Dog Food,Dog,Shepherd Dog - German,4,Years,Female,33.8,Kilogram
Diamond Naturals Grain Free Sweet Potato and Beef,Dog,Mastiff,6,Years,Male,158,Pound
Iams ProActive Health Sensitive Skin & Stomach Grain Free Recipe,Dog,Retriever - Labrador,12,Years,Female,65,Pound
Acana Lamb and Apple Singles,Dog,Portuguese Water Dog,8,Years,Male,67,Pound
Zignature kangaroo grain free,Dog,American Pit Bull,3,Years,Male,67,Pound
Nature's Domain Organic Chicken and Pea,Dog,Poodle - Miniature,9,Years,Female,12,Pound
Loyall Professional All Life Stages dry,Dog,Pointing Dog - German Short-haired,10.5,Years,Male,26.7,Kilogram
Earthborn Meadow Feast dry,Dog,Mixed (Dog),8,Years,Female,19.9,Kilogram
Pure Vita Holistic Pet Foods Turkey and Sweet Potato Entree,Dog,Retriever - Golden,6,Years,Male,100,Pound
Wellness Core Natural Grain Free Dry Dog Food Ocean Whitefish Herring & Salmon,Dog,Chihuahua,15,Years,Female,6,Pound
Natural Balance Fat Dogs Dry,Dog,Schnauzer - Miniature,13,Years,Male,21,Pound
Taste Of The Wild Grain Free High Protein Dry Dog Food High Prairie Adult - Venison & Bison,Dog,Retriever - Golden,2,Years,Female,50,Pound
"Merrick Grain Free Senior, American Journey Grain Free, Taste of the Wild Grain Free, Blue Buffalo Wilderness Grain Free",Dog,Pointing Dog - German Short-haired,11,Years,Male,80,Pound
Zignature Turkey Formula Limited Ingredient Formula,Dog,Mixed (Dog),6,Years,Male,94,Pound
"Go Salmon, Acana pacifica",Dog,Retriever - Golden,4,Years,Male,70,Pound
California Natural Limited Ingredient Diets Lamb Meal and Rice Adult,Dog,Whippet,12,Years,Female,9.5,Kilogram
Blue Buffalo Freedom Grain Free Senior,Dog,Boxer (German Boxer),10,Years,Female,65,Pound
Taste of the Wild,Dog,American Pit Bull,4,Years,Female,48,Pound
Taste of the Wild High Prairie,Dog,Retriever - Golden,9,Years,Male,78,Pound
"Orijen Original Dog Food, Acana Singles Pork and Squash",Dog,American Pit Bull Terrier,9,Years,Female,20,Kilogram
California Natural Adult Limited Ingredient Grain Free Kangaroo & Red Lentils Recipe Dog Food,Dog,Shepherd (unspecified),7,Years,Female,60,Pound
Taste of the Wild Pine Forest Canine Recipe With Venison and Legumes A Grain Free Diet,Dog,Retriever - Labrador,2,Years,Male,78,Pound
"Acana Singles Squash & Pork, Acana Singles Wild Mackerel, Acana Singles Lamb and Apple",Dog,Sheepdog - Shetland,9,Years,Male,14.5,Kilogram
BLUE Wilderness with Chicken for Adult Dogs,Dog,American Pit Bull Terrier,6,Years,Male,71,Pound
Taste of the Wild Prey,Dog,Terrier - Bull -,2,Years,Male,26,Kilogram
Orijen Original dry,Dog,Mixed (Dog),8.4,Years,Male,30.1,Kilogram
Homecooked diet - see diet history in medical record,Dog,Doberman Pinscher,10.8,Years,Male,40.9,Kilogram
NutriSource Super Premium Pet,Dog,Retriever - Golden,11,Years,Male,55,Pound
4Health grain=free beef and,Dog,Retriever - Golden,4.5,Years,Male,29.2,Kilogram
Orijen grain free original dry,Dog,Doberman Pinscher,9,Years,Male,32.6,Kilogram
4Health beef and potato and 4health untamed lamb and Lentil,Dog,Griffon - French Wire- haired Pointing,5,Years,Female,52,Pound
1. Blue Wilderness salmon/chicken grain-free. 2. Rachel Ray Nutrish Indoor Complete Chicken with Lentils and Salmon,Cat,Domestic Shorthair,8,Years,Male,5.77,Kilogram
Horizon Pulsar Chicken Flavor Dog Kibble,Dog,Mixed (Dog),8,Years,Male,21,Kilogram
GO Venison,Dog,Retriever - Golden,5,Years,Female,31.5,Kilogram
4 Health Untamed,Dog,Shepherd Dog -,6,Years,Male,79,Pound
Fromm Surf & Turf dry dog food,Dog,Pit Bull,8,Years,Female,56,Pound
CANIDAE Grain-Free PURE Land with Bison Limited Ingredient Diet Adult Dry Dog Food,Dog,Retriever - Golden,4,Years,Male,80,Pound
CRAVE Dog Food with Protein from Salmon and Ocean White Fish,Dog,Shih Tzu,Not provided,Not provided,Male,13,Pound
Now Fresh Grain Free Adult Dog Food Now Fresh Grain Free Puppy Food,Dog,Retriever - Labrador,9.5,Years,Male,72.8,Pound
ACANA Lamb and Apple Singles Formula,Dog,Pit Bull,11,Years,Female,52,Pound
Annamaet chicken and rice dry + Honest kitchen beef chicken or turkey,Dog,Doberman Pinscher,5.6,Years,Female,34.6,Kilogram
Zignature kangaroo dry,Dog,Retriever - Golden,9.7,Years,Female,26.3,Kilogram
Zignature - various flavors (venison goat kangaroo lamb turkey pork),Dog,Boxer (German Boxer),12.6,Years,Female,21,Kilogram
"4Health whitefish and potato dry, 4Health salmon and potato adult dog food",Dog,Pit Bull,7.5,Years,Male,33.4,Kilogram
Taste of the Wild.,Dog,Retriever - Golden,4,Years,Male,79,Pound
Merrick Good Earth Grain Free Pork Beef and Lamb Kibble,Dog,Shepherd Dog - Australian,2,Years,Male,54,Pound
Merrick Limited Ingredient Diet Grain-Free Real Lamb & Sweet,Dog,Mixed (Dog),9,Years,Female,40,Pound
Ped,Dog,Shepherd Dog -,3,Years,Female,50,Pound
Taste of the Wild High Prairie grain-free with roasted bison and roasted venison,Dog,Mixed (Dog),11,Years,Male,27,Kilogram
Taste of the Wild (Pacific Stream formula),Dog,Retriever - Golden,6,Years,Male,74,Pound
Fromm Four-Star Nutritionals Grain-Free Salmon Tunalini Recipe Dry Dog Food. Fromm Four-Star Nutritionals Grain-Free Surf & Turf Formula Dry Dog Food.,Dog,Shepherd Dog - German,8,Years,Male,80,Pound
Taste of the Wild Sierra Mountain,Dog,Bulldog,10,Years,Male,56,Pound
BLUE BUFFALO GRAIN FREE LAMB AND POTATO,Dog,Retriever (unspecified),5,Years,Male,87,Pound
"Taste of the Wild, 4 health",Dog,Bulldog - American,3,Years,Male,56,Pound
Crave Premium dog food with proetin from Salmon and ocean fish 22 lbs,Dog,Terrier - Jack Russell,7,Years,Female,30,Pound
v-dog kinder kibble,Dog,Mixed (Dog),8,Years,Female,50,Pound
Zignature Kangaroo Limited Ingredient Formula Grain-Free Dry Dog Food,Dog,Other Canine/dog,6,Years,Male,5,Pound
Zignature Kangaroo Formula Limited Ingredient Formula,Dog,Retriever - Labrador,9,Months,Male,95,Pound
Earthborn Holistic Grain Free,Dog,Retriever - Golden,Not provided,Not provided,Not provided,Not provided,Not provided
Zignature brand dog food (pork beef turkey salmon and lamb) kibble and canned food,Dog,Great Dane,5,Years,Male,145,Pound
Kirkland Nature's Domain Salmon and Sweet Potato,Dog,Bulldog - American,6,Years,Female,65,Pound
Kirkland Signature Adult Dog chicken rice and vegetable formula,Dog,Mastiff - Neapolitan,5,Years,Female,85,Pound
Zignature Kangaroo Formula Limited Ingredient Formula,Dog,Akita,9,Years,Male,86,Pound
"canidae pure land, Kirkland grain free canned dog food",Dog,Retriever - Golden,3.6,Years,Male,75,Pound
Castor and Pollux Pristine Lamb and Lentils dog kibble,Dog,Not provided,4,Years,Female,38.25,Kilogram
"Castor & Pollux Organix Grain Free, Primal Freeze Dried Nuggets for dogs",Dog,Terrier - Yorkshire,1,Years,Male,3.51,Kilogram
4 Health Grain Free,Dog,Retriever - Golden,8,Years,Female,97,Pound
"Acana Heritage dog food, Prime nuggets grain free dog treats",Dog,Unknown,3,Years,Not provided,Not provided,Not provided
Earthborn Holistic Grain Free (Unknown Protein/Flavor),Dog,Unknown,Not provided,Not provided,Not provided,Not provided,Not provided
Zignature Duck Formula,Dog,Mixed (Dog),8,Years,Male,57,Pound
Royal Canin Multi Function Renal Support and Hydrolyzed Protein,Dog,Retriever - Labrador,3,Years,Female,50,Pound
Earthborn Holistic Western Feast,Dog,Other Canine/dog,4,Years,Female,26,Kilogram
Taste of the Wild - PREY Angus Beef,Dog,Other Canine/dog,5,Years,Female,64,Pound
Honest Kitchen grain free Turkey,Dog,Dachshund - Standard,14,Years,Female,12,Pound
FROMM Four Star Nutritionals,Dog,Other Canine/dog,2,Years,Female,50,Pound
Iams ProActive Health Adult MiniChunks Dry Dog Food,Dog,Mixed (Dog),7,Years,Female,13.8,Pound
Acana - grain free formulas. We fed both chicken and beef formulas.,Dog,Retriever - Labrador,1.5,Years,Female,70,Pound
sportmix wholesome lamb and rice grain free,Dog,Collie - Rough-haired,5,Years,Female,51,Pound
Taste of the Wild Grain High Prairie with Roasted Bison and Roasted Venison A Grain Free Diet. Taste of the Wild Pacific Stream A Grain Free Diet. Taste of the Wild Sierra Mountain,Dog,Retriever - Labrador,9,Years,Male,105,Pound
Zigniture Kangaroo Limited Ingredient Grain Free Dry Dog Food,Dog,Pointing Dog - German Short-haired,4,Years,Male,55,Pound
"Canidae Grain-Free Pure Wild Boar Limited Ingredient Adult Dry Dog Food, CanidaeGrain Free Pure FOundationsPuppy Formula with Canned CHicken",Dog,Foxhound - American,10,Years,Male,190,Pound
Zignature Kangeroo Limited Ingredient Formula Dry Dog Food,Dog,Weimaraner,6,Years,Male,65,Pound
Orijen Six Fish,Dog,Bulldog - American,11,Years,Male,95,Pound
Natures Recipe Grain Free Salmon Sweet Potatoe and Pumpkin,Dog,Shepherd (unspecified),11,Years,Male,67,Pound
Pro Pac Ultimates Grain Free Dog Food. Overland Red variety.,Dog,Shepherd Dog - German,7,Years,Male,100,Pound
"Castor and Pollux Organix Grain Free Chicken and Sweet Potato Recipe Dry Dog Food, Castor and Pollux Pristine Grain Free Grass Fed Lamb and Lentil Dry Dog Food",Dog,Shepherd Dog - German,4,Years,Female,85,Pound
Natures Domain Salmon Meal and Sweet Potato,Dog,Retriever - Golden,13,Years,Female,68,Pound
Taste of the Wild Salmon a grain Free Diet,Dog,Other Canine/dog,9,Years,Male,90,Pound
Acana Pork and Squash and Lamb and Apple - both Grain free.,Dog,Retriever - Golden,5.5,Years,Male,65,Pound
Blue Wilderness,Dog,Unknown,Not provided,Not provided,Female,Not provided,Not provided
Blue Wilderness Grain Free,Dog,Unknown,Not provided,Not provided,Female,Not provided,Not provided
Nutro grain free adult dry dog food farm-raised chicken lentils,Dog,Retriever - Golden,6,Years,Male,30.6,Kilogram
Zignature Kangaroo Limited,Dog,Unknown,Not provided,Not provided,Male,Not provided,Not provided
Blue Buffalo Life Protection Chicken and Brown Rice Adult,Dog,Unknown,Not provided,Not provided,Male,Not provided,Not provided
Acana (unknown variety),Dog,Unknown,Not provided,Not provided,Male,Not provided,Not provided
4Health Untamed (Lamb and Lentil),Dog,Unknown,Not provided,Not provided,Male,Not provided,Not provided
BLUE Wilderness Salmon For Adult Dogs,Dog,Rottweiler,7,Years,Male,98,Pound
4health Untamed Open Highland Recipe Lamb and Lentil Recipe,Dog,Retriever - Golden,2,Years,Female,25.7,Kilogram
Acana Grasslands Kibble Stella & Chewy's Raw Kibble Lamb,Dog,Pit Bull,8,Years,Female,65,Pound
Grain-free Rachel Ray Peak dry and canned food,Dog,Mixed (Dog),2.5,Years,Female,16,Kilogram
Dick Van Patten's Natural Balance Limited Ingredient Diets Grain Free Potato & Duck,Dog,American Pit Bull,10,Years,Male,77,Pound
Taste of The Wild (unkown variety),Dog,Cattle Dog - Australian,4,Years,Female,21.4,Kilogram
Acana (unknown variety) Grain Free,Dog,Sheepdog - Shetland,6,Years,Male,16.54,Kilogram
4 Health Large Breed Grain Free,Dog,Great Dane,2,Years,Male,62,Kilogram
Victor Grain Free Dog Food,Dog,Retriever - Labrador,5,Years,Male,47,Kilogram
Blue Buffalo (owner believes was a grain free variety),Dog,Schnauzer - Giant,5,Years,Male,50,Kilogram
"Acana whitefish and sweet potato, Merrick turkey and sweet potato",Dog,Retriever - Labrador,6,Years,Male,70,Pound
Orijen Puppy Dry Dog Food,Dog,Not provided,Not provided,Not provided,Not provided,Not provided,Not provided
Orijen Puppy Dry Dog Food,Dog,Retriever - Labrador,9.5,Years,Female,57,Pound
Acana Heritage Freshwater Fish Formula Grain Free Dry Dog Food,Dog,Retriever - Golden,4,Years,Male,84,Pound
Purina Grain Free Chicken and Egg dry food,Cat,Not provided,14,Years,Female,4.185,Kilogram
Wellness,Dog,Retriever - Labrador,12,Years,Female,66,Pound
ZiwiPeak Air Dried Lamb,Dog,Spaniel - Cocker,10,Years,Male,26,Pound
"Honest Kitchen Grain Free Turkey Recipe, Halo Natural Dry",Dog,Collie - Border,3,Years,Male,15.9,Kilogram
Earthborn Holistic Coastal Catch Grain-Free Natural Dry Dog Grain-Free Natural Dry Dog,Dog,Retriever - Golden,5,Years,Male,82,Pound
Zignature Grain Free (unknown,Dog,Bulldog,7,Years,Female,36.54,Kilogram
Zignature Salmon Limited Ingredient Formula Grain-Free,Dog,Mixed (Dog),12,Years,Female,40.2,Kilogram
ACANA Light & Fit,Dog,Mixed (Dog),10,Years,Male,19.5,Kilogram
4Health Grain Free Beef and Potato,Dog,Great Dane,7,Years,Male,200,Pound
Acana Prairie (also fed Acana,Dog,Retriever - Golden,6,Years,Male,86,Pound
4Health Untamed Open Highland Recipe Lamb & Lentil Formula,Dog,Shepherd Dog - German,1,Years,Female,66,Pound
Acana Singles Mackerel,Dog,Terrier - Tibetan,9,Years,Male,31.7,Pound
"Orijen Puppy, Acana Lamb and Apple",Dog,Spaniel - Springer English,2,Years,Female,40,Pound
Taste of the wild grain free,Dog,Doberman Pinscher,9,Years,Male,70,Pound
Purina One Smart Blend Lamb and Rice dry,Dog,Doberman Pinscher,9.7,Years,Male,29.9,Kilogram
Acana Natural Balance,Dog,Terrier - Bull - American Pit,4.9,Years,Female,18,Kilogram
Fromm Large Breed Adult dry,Dog,Poodle - Standard,16,Years,Male,24,Kilogram
Earthborn Coastal Catch dry,Dog,Retriever - Golden,9.3,Years,Male,36.3,Kilogram
Zignature Kangaroo dog food,Dog,Sheepdog - Old English,11,Years,Male,90,Pound
Wellness Core grain-free ocean fish dry,Dog,Bulldog,8.5,Years,Female,19.8,Kilogram
Wellness CORE Grain-Free,Dog,Bulldog,8,Years,Male,22.1,Kilogram
Wellness CORE Grain-Free,Dog,Bulldog,8.7,Years,Female,24.2,Kilogram
Acana lamb and apple dry,Dog,Spaniel - Cocker,5,Years,Male,15.8,Kilogram
Taste of The Wild PREY,Dog,Great Dane,3,Years,Male,61.7,Kilogram
Taste of The Wild - Salmon grain free,Dog,Retriever - Labrador,7,Years,Male,32.9,Kilogram
Hill's Science Diet Adult Grain Free,Dog,Mixed (Dog),6,Years,Female,40.3,Kilogram
Instinct Original Grain Free Recipe (unkown protein source),Dog,Terrier - Irish Soft-,9,Years,Female,Not provided,Not provided
Homemade raw diet,Dog,Schnauzer,Not provided,Not provided,Female,16,Kilogram
Wellness Complete Health Fish and Sweet Potato dry,Dog,Boxer (German Boxer),10.5,Years,Male,23.3,Kilogram
Wellness CORE Grain Free Wild Game Duck Turkey Boar & Rabbit Recipe Dry Dog Food 26-,Dog,Weimaraner,4.5,Years,Male,98,Pound
Zignature Trout and Salmon Meal,Dog,Great Dane,5,Years,Male,145,Pound
Earthborn Holistic Grain Free Meadow Feast with Lamb Meal,Dog,Terrier - Welsh,7.5,Years,Male,22.4,Pound
Grain-Free Salmon,Dog,Shepherd Dog -,11,Years,Male,30.1,Kilogram
"Taste of the Wild Whole Prey, Orijen",Dog,Great Dane,3,Years,Female,53.6,Kilogram
CANIDAE® ALL LIFE STAGES CHICKEN MEAL & RICE FORMULA DRY DOG FOOD,Dog,Doberman Pinscher,3.79,Years,Male,60,Kilogram
Nutro Max Limited Ingredient Diet Adult Large Breed Dry Dog,Dog,Retriever - Labrador,4,Years,Male,39.9,Kilogram
Zignature Kangaroo,Dog,American Pit Bull,2.5,Years,Male,56,Pound
Zignature Kangaroo Limited Ingredient Formula Grain-Free,Dog,Retriever - Golden,6,Years,Female,30.6,Kilogram
Blue Buffalo Life Protection Formula Adult Chicken & Brown Rice Recipe Dry Dog Food,Dog,Collie - Rough-haired,6,Years,Male,56,Pound
Taste of The Wild (unknown,Dog,Great Dane,8,Years,Female,61.8,Kilogram
Taste of The Wild (rotated,Dog,Doberman Pinscher,9,Years,Male,42.8,Kilogram
Blue Buffalo Grain Free,Dog,Great Dane,4,Years,Male,67,Kilogram
Acana,Dog,Papillon - Spaniel -,7,Years,Male,6.45,Kilogram
Blue Wilderness (unknown,Dog,Doberman Pinscher,8,Years,Male,42.27,Kilogram
Nutro Ultra small breed,Dog,Terrier - Jack Russell,9,Years,Male,10.18,Kilogram
Nutro Grain Free Senior Dry Dog Food Farm-Raised Chicken Lentils and Sweet Potato Recipe,Dog,Pit Bull,12,Years,Male,33.5,Kilogram
ACANA SINGLES LIMITED INGREDIENT DIET LAMB AND APPLE FORMULA GRAIN FREE DRY DOG FOOD,Dog,Pit Bull,5,Years,Male,Not provided,Not provided
Nature's Domain,Dog,Mixed (Dog),7,Years,Female,52,Pound
Earthborn Holistic Meadow Feast Grain Free,Dog,Setter - Gordon,7,Years,Male,63.8,Pound
Nulo grain free (pea based protein),Dog,Retriever - Labrador,6,Years,Male,64.5,Kilogram
Kirkland Nature's Domain Salmon and Sweet Potato,Dog,Bulldog - American,7,Years,Male,82,Pound
Zignature Turkey Formula Limited Ingredient (Grain-Free Turkey and Chickpea),Dog,Shepherd Dog - German,11.5,Years,Female,26,Kilogram
Halo Grain Free Senior Dog Holistic Turkey Turkey Liver & Duck,Dog,Mixed (Dog),10,Years,Female,12,Pound
Hills Science Diet sensitive stomach and skin adult dog food.,Dog,Dachshund - Standard Long-haired,9,Years,Male,25,Pound
Don't remember names of food but always boutique grain-free food,Dog,Retriever - Labrador,8,Years,Female,75,Pound
4health Grain Free Whitefish and Potato,Dog,American Pit Bull Terrier,11,Years,Female,45,Pound
Merrick Grain Free Dry Dog Food. Real Chicken and Sweet Potato Recipe.,Dog,Terrier - Airedale,5,Years,Female,68.4,Pound
Redford Limited Ingredient Grain - Free Lamb and Sweet Potato,Dog,Weimaraner,8,Years,Male,37.4,Kilogram
Fromm's Four Star Grain Free Salmon and Tunalini,Dog,Mixed (Dog),3,Years,Male,40,Pound
Natural Balance LID High Protein Grain-free Lamb or Beef flavors,Dog,Mixed (Dog),9,Years,Female,28.5,Kilogram
"Nutrisource Large breed puppy Grain free, Nutro Large breed puppy Farm raised chicken,",Dog,Retriever - Golden,7,Months,Male,24,Kilogram
Taste of the Wild Grain Free,Dog,Pointing Dog - German,5,Years,Female,27,Kilogram
"Acana Puppy and Junior, Horizon Pulsar Pulses & Chicken formula Grain free, Fromm Adult Gold",Dog,Shepherd Dog - Belgian Tervueren,46,Months,Female,47.2,Pound
American Journey Grain-free Salmon & Sweet Potato Recipe,Dog,Great Dane,17,Months,Male,117,Pound
"Kirkland Signature Nature's Domain Cat Food, Wellness CORE Grain-Free Original Formula Dry Cat Food, BLUE",Cat,Domestic Shorthair,7.5,Years,Male,10,Pound
FROMM Salmon Tunalini,Dog,Sheepdog - Shetland,6,Years,Female,8.86,Kilogram
Horizons pulsar grain free diet,Dog,Mixed (Dog),4,Years,Male,27.7,Kilogram
Freshpet select roasted meals chicken flavor,Dog,Shih Tzu,10,Years,Male,20,Pound
Pine Forest Canine Recipe with Venison & Legumes - Taste of the Wild Pet Food,Dog,Shepherd Dog - Australian,4.5,Years,Female,53,Pound
Blue Wilderness Grain Free Chicken with life source bits both regular and healthy weight,Dog,Retriever - Golden,7,Years,Male,100,Pound
Six Fish Orijen,Dog,Brittany,8,Years,Female,39,Pound
"Holistic Select Adult Health Lamb Meal Recipe, Four Health",Dog,Mixed (Dog),7,Years,Female,47.4,Pound
Zignature Turkey Blend Grain Free,Dog,Mixed (Dog),10,Years,Male,Not provided,Not provided
Iams Proactive Health - Chicken Senior Plus Dry Dog Food,Dog,Retriever - Labrador,13.18,Years,Female,29.7,Kilogram
Rachel Ray's Chicken and Veggies,Dog,Retriever - Labrador,2,Years,Female,25.2,Kilogram
"Acana Singles Duck and Pear Formula Dry dog food, Wet Noses Grain Free pea and carrot",Dog,Retriever - Labrador,8,Years,Female,71,Pound
Taste of the Wild High Prairie,Dog,Beagle,9,Months,Male,14,Pound
Hill’s prescription diet grain free,Dog,Mixed (Dog),10,Years,Male,13,Pound
4health Open Highland Recipe,Dog,Mixed (Dog),1,Years,Female,54,Pound
Blue Buffalo Basics Limited Ingredient Grain-Free Formula,Dog,Retriever - Labrador,7,Years,Female,70,Pound
Annamaet Dog Food Grain Free,Dog,Retriever - Labrador,6,Years,Male,114,Pound
Acana Pacifica Regional,Dog,Retriever - Golden,11,Years,Male,55,Pound
ACANA Heritage Freshwater Fish Formula,Dog,American Pit Bull,3.5,Years,Male,72,Pound
ACANA Singles Limited Ingredient Diet Grain Free Lamb & Apple Dog Food,Dog,Retriever - Golden,8,Years,Male,30.4,Kilogram
ACANA - Heritage Red Meat Formula Dog Food (Grain-free),Dog,Shepherd Dog - German,11.5,Years,Female,25.9,Kilogram
Midwestern ProPac Bayside Select Grain Free,Dog,Collie - Border,1.5,Years,Female,29,Pound
Acana Lamb,Dog,Pointing Dog - German,3,Years,Female,55,Pound
Wellness Core grain free large breed puppy kibble,Dog,Retriever - Golden,11,Months,Male,28,Kilogram
Hills Science Diet Grain-free Chicken and potato,Dog,Retriever - Golden,6,Years,Male,75,Pound
Redford Naturals Duck and Sweet Potato,Dog,Boxer (German Boxer),4,Years,Female,Not provided,Not provided
Redford Naturals Duck and Sweet Potato,Dog,Boxer (German Boxer),2,Years,Male,Not provided,Not provided
Fromms Gold Coast Weight,Dog,Hound - Norwegian (Elk,11,Years,Male,155,Pound
Rachel Ray Nutrish Lamb Meal and Brown Rice,Dog,Great Pyrenees,2,Years,Female,35.4,Kilogram
Natural Balance Limited Ingrediant Diet,Dog,Retriever - Labrador,8,Years,Male,123,Pound
Taste of the Wild PREY Trout,Dog,Retriever - Golden,3,Years,Female,61,Pound
Acana Lamb and Apple,Dog,Retriever - Golden,8,Years,Female,80,Pound
Fromm Four-Star Nutritionals Beef Frittata Veg,Dog,Retriever - Golden,5,Years,Male,78,Pound
Zignature kangaroo and lentil,Dog,Corso Dog,5,Years,Male,61.4,Kilogram
Health Extension Grain Free Buffalo and Whitefish Recipe,Dog,Terrier (unspecified),2,Years,Female,29,Pound
Nature's Domain - Canned Grain free Dog Food,Dog,Retriever - Labrador,10,Years,Female,65,Pound
Performatrin Ultra® Grain-Free Foothills Recipe Dog Food,Dog,Mixed (Dog),10,Hours,Female,48,Pound
Grandma Lucy's Grain Free Food,Dog,Whippet,3,Years,Female,27,Pound
Acana Wild Prairie,Dog,Retriever - Golden,7,Years,Male,90,Pound
4Health Grain Free Beef and Potato,Dog,Retriever - Golden,6.5,Years,Female,55.4,Pound
Blue Buffalo Wilderness Salmon Recipe Grain Free Dry Dog Food,Dog,Terrier - Bull,9,Months,Male,38,Pound
V-Dog Kinder Kibble Vegan Adult Dry Dog Food Grain free diet: long term use for 3 years Then switched to Merrick Grain Free Salmona and Sweet Potato dry dog kibble Used for 2-3 years,Dog,Mixed (Dog),8,Years,Female,41,Pound
Zignature Kangaroo Formula Limited Ingredient Formula,Dog,Portuguese Water Dog,8,Years,Female,55,Pound
"Taste of the Wild Prey Trout Formula for Dogs, Grain-Free, Dry Dog Food",Dog,Mixed (Dog),7,Years,Female,Not provided,Not provided
Zignature Kangaroo Limited Ingredient Formula,Dog,Chihuahua,4,Years,Male,2,Kilogram
Rachael Ray Nutrish Super Premium Food For Dogs Real Chicken and Veggies Recipe,Dog,Dalmatian,11.5,Years,Female,55,Pound
Diamond Professional Plus grain free Chicken/Lentil formula Adult large breed                                                                ,Dog,Mastiff,3,Years,Female,120,Pound
Petco brand Whole Hearted Grain-Free food Whole Earth Farms Grain-Free food - typically some sort of Chicken & Potato recipe,Dog,Mixed (Dog),6,Years,Female,60,Pound
Earthborn Holistic Meadow Feast,Dog,Pointing Dog - German,5.5,Years,Male,63,Pound
4Health large breed dry food,Dog,Great Dane,2,Years,Unknown,Not provided,Not provided
Zignature Kangeroo and Lentil,Dog,Maltese,12,Years,Female,4.9,Kilogram
Kirkland Signature Nature's Domain Salmon Meal & Sweet Potato Dog Food (Grain Free),Dog,Saluki,12,Years,Male,60,Pound
Zignature Turkey Formula Limited Ingredient Formula,Dog,Other Canine/dog,2.5,Years,Male,64,Pound
"Acana Light & Fit (with free-run chicken wild flounder & Fraser Valley greens), Acana Adult Small Breed (with free-run chicken wild flounder & Fraser Valley greens)",Dog,Terrier - Yorkshire,9,Years,Female,3.6,Kilogram
Earthborn grain free,Dog,Shepherd Dog -,6,Years,Female,14.1,Kilogram
"PureVita Venison & Red Lentils Grain-Free Dry Dog Food, NutriSource Adult Chicken and Rice formula",Dog,American Pit Bull,2.6,Years,Male,32,Kilogram
4health Untamed Open Highland Recipe lamb and lentil formula,Dog,Shepherd Dog -,2,Years,Female,30,Kilogram
ACANA Senior,Dog,Retriever - Labrador,10,Years,Male,92,Pound
Pure balance chicken and rice grain free,Dog,Rottweiler,4,Years,Male,110,Pound